initial_state,first_control
"[0.2713084004436082, 0.20565647243615304, -0.0749335759785836, 0.060968527422127994]",1.0000000090959473
[ 0.29187405  0.36368378 -0.06883672  0.27255329],0.9055581457179053
[ 0.32824243  0.50329515 -0.04158139  0.45302574],0.12884024979358602
[0.37857194 0.50644363 0.00372118 0.35903748],-0.2795752422469569
[0.4292163  0.44739425 0.03962493 0.22050277],-0.48406768166264347
[0.47395573 0.36183991 0.0616752  0.10364761],-0.5699463293355702
[0.51013972 0.26812396 0.07203996 0.02040191],-0.5855155074911901
[ 0.53695212  0.17605367  0.07408016 -0.03333806],-0.559934754423441
[ 0.55455748  0.09085498  0.07074635 -0.0648981 ],-0.5114857998496608
[ 0.56364298  0.0151238   0.06425654 -0.08095218],-0.45180719290116944
"[-0.18806591262641048, 0.2766232168831483, -0.05057823995953109, -0.08207124208738262]",1.0000000087356022
[-0.16040359  0.43986911 -0.05878536  0.20222934],0.8048214619154448
[-0.11641668  0.56246671 -0.03856243  0.36478261],0.1763063651750366
[-0.06017001  0.57397457 -0.00208417  0.29909387],-0.1623833372759426
[-0.00277255  0.53344985  0.02782522  0.19265971],-0.34017689624160563
[0.05057243 0.46933458 0.04709119 0.10050792],-0.4235867877987493
[0.09750589 0.39637209 0.05714198 0.03343039],-0.4501628928552202
[ 0.1371431   0.32259255  0.06048502 -0.01106847],-0.44259548098968193
[ 0.16940236  0.25242516  0.05937817 -0.03834595],-0.4151836764139565
[ 0.19464487  0.18822241  0.05554358 -0.05342078],-0.3771172137504658
"[0.2683392439063563, 0.11678610835075431, 0.08490683115982332, -0.2804634470766424]",-0.21524284744564842
[ 0.28001785  0.09822505  0.05686049 -0.11887013],-0.27004465499844876
[ 0.28984036  0.06254204  0.04497347 -0.0687993 ],-0.27095604987064453
[ 0.29609456  0.02416538  0.03809354 -0.0545853 ],-0.2495763618012832
[ 0.2985111  -0.01146501  0.03263501 -0.05035896],-0.21950592623952994
[ 0.2973646  -0.04243919  0.02759912 -0.0478622 ],-0.18699054961466588
[ 0.29312068 -0.06828443  0.0228129  -0.04487755],-0.15506057860708392
[ 0.28629224 -0.08913378  0.01832514 -0.04112597],-0.12521787912412163
[ 0.27737886 -0.10537785  0.01421255 -0.03685297],-0.09817328163051876
[ 0.26684108 -0.11750886  0.01052725 -0.03237029],-0.0741993407270557
"[-0.16078030110196423, 0.045117140059649063, -0.10450314524071562, -0.1817950274155517]",1.00000000999397
[-0.15626859  0.19816232 -0.12268265 -0.05510956],1.000000009990421
[-0.13645236  0.3435627  -0.1281936   0.00792503],1.00000000998453
[-0.10209609  0.48484371 -0.1274011   0.04715963],1.0000000099747692
[-0.05361172  0.62376524 -0.12268514  0.08243713],1.0000000099581996
[ 0.00876481  0.76141897 -0.11444142  0.12609902],1.0000000099719386
[ 0.08490671  0.89877096 -0.10183152  0.18920321],1.000000009996027
[ 0.1747838   1.03699376 -0.0829112   0.28537808],1.0000000099618451
[ 0.27848318  1.17775831 -0.05437339  0.43426116],1.0000000088495486
[ 0.39625901  1.32358911 -0.01094728  0.66572605],-0.6692332529184499
"[-0.028353776795196184, -0.24655000952296288, -0.05332337008440691, -0.07479405746694384]",0.7429592881950063
[-0.05300878 -0.12124614 -0.06080278  0.10790033],0.46118760323821695
[-0.06513339 -0.05144813 -0.05001274  0.1334777 ],0.2951809651354963
[-0.0702782  -0.01021628 -0.03666497  0.11405812],0.19060643417658227
[-0.07129983  0.01482135 -0.02525916  0.08684392],0.12189796028363037
[-0.0698177   0.02996088 -0.01657477  0.06282125],0.07570524540096214
[-0.06682161  0.03874837 -0.01029264  0.04419018],0.0443384556194968
[-0.06294677  0.04335266 -0.00587363  0.03048887],0.02301520138643062
[-0.05861151  0.04517778 -0.00282474  0.02066389],0.008603452978844114
[-0.05409373  0.0451646  -0.00075835  0.01371133],-0.001013759804546799
"[0.102533328121577, -0.035886078307891145, -0.010128468020017128, -0.17375581293433626]",0.6927487241610597
[ 0.09894472  0.08800143 -0.02750405  0.11121798],0.27185332359561265
[ 0.10774486  0.1284709  -0.01638225  0.14503531],0.049862844602615794
[ 0.12059195  0.13081882 -0.00187872  0.1107744 ],-0.06847136687495305
[0.13367384 0.11548764 0.00919872 0.06783684],-0.12868501333833218
[0.1452226  0.09244965 0.0159824  0.0327654 ],-0.15475954131082906
[0.15446756 0.06690388 0.01925894 0.00804158],-0.16044247440225676
[ 0.16115795  0.0416657   0.0200631  -0.00788645],-0.15410761666117434
[ 0.16532452  0.01825349  0.01927446 -0.0172788 ],-0.14103688949625476
[ 0.16714987 -0.00256717  0.01754658 -0.02212308],-0.12460681741179146
"[-0.16560572223901576, 0.08341631609790667, -0.05972021337817084, -0.10379274750926074]",1.0000000086186371
[-0.15726409  0.24773493 -0.07009949  0.16079224],0.8653191650200911
[-0.1324906   0.38180358 -0.05402026  0.32431017],0.3040404155417885
[-0.09431024  0.41568969 -0.02158925  0.2767089 ],-0.005696573592020156
[-0.05274127  0.40131769  0.00608164  0.18788577],-0.17587214683251684
[-0.0126095   0.36366578  0.02487022  0.10863811],-0.263780804063761
[0.02375708 0.31573952 0.03573403 0.04972689],-0.30158489164856045
[0.05533103 0.26471664 0.04070672 0.00968611],-0.30868030860141865
[ 0.08180269  0.21466162  0.04167533 -0.01575287],-0.2973124945136894
[ 0.10326885  0.16784318  0.04010004 -0.03072622],-0.27539524074545907
"[0.0774413799018403, -0.2954836495778972, 0.0065967586793871935, -0.28639245477875036]",0.41807285761466007
[ 0.04789301 -0.21233689 -0.02204249 -0.06232201],0.2928340662922294
[ 0.02665933 -0.16112708 -0.02827469  0.0117288 ],0.2239787653371095
[ 0.01054662 -0.12503305 -0.02710181  0.03271469],0.1796799819187335
[-0.00195669 -0.09733594 -0.02383034  0.03557736],0.14751403888360892
[-0.01169028 -0.07511623 -0.0202726   0.03275826],0.12233672443806042
[-0.0192019  -0.05692716 -0.01699678  0.02857629],0.10180427822087895
[-0.02489462 -0.04192631 -0.01413915  0.02444735],0.08469974574369962
[-0.02908725 -0.02954423 -0.01169441  0.02077082],0.07029434880238941
[-0.03204167 -0.01935293 -0.00961733  0.01760537],0.05809457959373475
"[-0.19546340678978052, -0.23094716732493847, -0.03319349200956204, 0.014896858139611557]",0.08136991865771605
[-0.21855812 -0.2208235  -0.03170381 -0.04110823],0.22575469752565905
[-0.24064047 -0.18423673 -0.03581463 -0.02729148],0.2844844814197193
[-0.25906415 -0.1387376  -0.03854378 -0.00125924],0.2979921865567419
[-0.27293791 -0.09234034 -0.0386697   0.02033336],0.2869790256103311
[-0.28217194 -0.04882337 -0.03663636  0.03441565],0.2629410232780489
[-0.28705428 -0.00992501 -0.0331948   0.04193059],0.2326371393931856
[-0.28804678  0.02367609 -0.02900174  0.044631  ],0.20015578160153155
[-0.28567917  0.05188134 -0.02453864  0.04411133],0.1679715979687223
[-0.28049104  0.07491515 -0.02012751  0.04159422],0.13754075614609887
"[-0.28474987291693465, 0.44836048413438234, -0.07334609008466991, -0.16053786038078335]",1.0000000098913464
[-0.23991382  0.60239492 -0.08939988  0.04495396],1.0000000097877801
[-0.17967433  0.74933474 -0.08490448  0.19337831],1.0000000094748318
[-0.10474086  0.89480188 -0.06556665  0.34913443],1.0000000052763045
[-0.01526067  1.04279053 -0.03065321  0.55857102],0.1393248898533123
[0.08901838 1.0409474  0.0252039  0.47887832],-0.4568268753125706
[0.19311312 0.94568803 0.07309173 0.30243251],-0.7555413201295061
[0.28768193 0.81065652 0.10333498 0.14384924],-0.8827509866122848
[0.36874758 0.66303988 0.1177199  0.0278849 ],-0.9085459170862271
[ 0.43505157  0.51726544  0.12050839 -0.04823418],-0.8747633168675382
"[0.08386154007721719, -0.015133949374322886, -0.016923254523514314, -0.08774257018406117]",0.5594560521697128
[ 0.08234815  0.08232701 -0.02569751  0.11450465],0.21682789907905328
[ 0.09058085  0.11337903 -0.01424705  0.12919876],0.03456740421549865
[ 0.10191875  0.11379165 -0.00132717  0.09532921],-0.06301077145419949
[0.11329791 0.09991053 0.00820575 0.05736861],-0.11261456168884648
[0.12328897 0.07981223 0.01394261 0.02721528],-0.13384839020052908
[0.13127019 0.05775287 0.01666414 0.0062122 ],-0.13807714663579576
[ 0.13704548  0.03605367  0.01728536 -0.00722331],-0.13227620534699244
[ 0.14065084  0.01597005  0.01656303 -0.0150973 ],-0.12086525573204092
[ 0.14224785 -0.00186661  0.0150533  -0.01912245],-0.10667602958111988
"[-0.010655025698193987, -0.2816912357016884, 0.06342195320441336, -0.08894120608164369]",-1.000000005967135
[-0.03882415 -0.44141177  0.05452783 -0.33296192],-0.4566730452338074
[-0.08296533 -0.50182594  0.02123164 -0.35045257],0.024761741333135488
[-0.13314792 -0.48251581 -0.01381362 -0.2501583 ],0.27963428528232515
[-0.1813995  -0.42658889 -0.03882945 -0.1441557 ],0.4054753757026851
[-0.22405839 -0.35548866 -0.05324502 -0.06149478],0.4548588318379461
[-0.25960726 -0.28055782 -0.05939449 -0.00456983],0.4584835494216687
[-0.28766304 -0.20797551 -0.05985148  0.03141826],0.43528054776567343
[-0.30846059 -0.14105465 -0.05670965  0.05213081],0.3972749494588111
[-0.32256605 -0.08142136 -0.05149657  0.06231795],0.3521772993300947
"[0.22382493710505608, -0.08745864157576971, -0.06374744408694379, -0.037204102539410366]",1.0000000070709987
[ 0.21507907  0.07889342 -0.06746785  0.22259799],0.627020735330184
[ 0.22296841  0.17341577 -0.04520806  0.2936737 ],0.18449654371805002
[ 0.24030999  0.19171696 -0.01584069  0.22868765],-0.05570680780932638
[0.25948169 0.173866   0.00702808 0.14524579],-0.1822651270490853
[0.27686829 0.13944444 0.02155266 0.07639212],-0.24176795685515876
[0.29081273 0.09871416 0.02919187 0.02734519],-0.2608911582951217
[ 0.30068415  0.05729054  0.03192639 -0.00472133],-0.25588880931728547
[ 0.3064132   0.01826119  0.03145426 -0.02410223],-0.23703344847781152
[ 0.30823932 -0.01675612  0.02904403 -0.03460786],-0.21091628089747183
"[-0.1767459847064462, 0.19954485778699804, -0.08756733882302745, 0.10809611300423161]",1.0000000083166758
[-0.1567915   0.35430639 -0.07675773  0.28056435],0.7489435037781061
[-0.12136086  0.46349861 -0.04870129  0.36556718],0.20621883178215708
[-0.075011    0.47953566 -0.01214457  0.2863647 ],-0.09286458233516871
[-0.02705743  0.45067908  0.0164919   0.18446038],-0.25422635906605495
[0.01801048 0.40066666 0.03493793 0.09980821],-0.33356896063131714
[0.05807714 0.3420706  0.04491875 0.03888089],-0.36287003484796937
[ 0.0922842   0.28188192  0.04880684 -0.00157838],-0.3617023413370699
[ 0.12047239  0.22404025  0.04864901 -0.02664439],-0.3425174674674936
[ 0.14287642  0.17069693  0.04598457 -0.04084933],-0.3133774874454044
"[0.13017071822265674, -0.26342613087571753, 0.03520382634579171, 0.22130649248667783]",-1.0000000097597337
[ 0.10382811 -0.43102179  0.05733448 -0.11153505],-1.0000000046056927
[ 0.06072593 -0.58965169  0.04618097 -0.3677432 ],-0.35423269341299035
[ 0.00176076 -0.63097536  0.00940665 -0.35794673],0.1170885642835307
[-0.06133678 -0.59569051 -0.02638802 -0.24667707],0.3643284155969024
[-0.12090583 -0.52566756 -0.05105573 -0.13623259],0.4831090704019707
[-0.17347259 -0.44191838 -0.06467899 -0.05189531],0.5255688868036832
[-0.21766442 -0.35561573 -0.06986852  0.00545358],0.5224155432721727
[-0.253226   -0.27284423 -0.06932316  0.04126018],0.4926868739909977
[-0.28051042 -0.19683808 -0.06519714  0.06148657],0.448506850330946
"[-0.16145747586220216, -0.08974918992947406, -0.06273639383486887, -0.25361766933611607]",1.0000000096381227
[-0.17043239  0.07691481 -0.08809816  0.0094413 ],1.0000000096775163
[-0.16274091  0.23376632 -0.08715403  0.185834  ],0.9999999978416053
[-0.13936428  0.3880155  -0.06857063  0.35803393],0.438964570025998
[-0.10056273  0.44242845 -0.03276724  0.32611557],0.05507401488164345
[-5.63198864e-02  4.35630025e-01 -1.55680989e-04  2.28846924e-01],-0.15735483538332057
[-0.01275688  0.39905284  0.02272901  0.13700681],-0.2695234144497547
[0.0271484  0.34886618 0.03642969 0.06719816],-0.32080940439532984
[0.06203502 0.29393132 0.04314951 0.01907986],-0.33471184721641156
[ 0.09142815  0.23926502  0.04505749 -0.01190523],-0.3259777387446956
"[-0.1496132409751, -0.30409207629600116, 0.08459900324482349, 0.2682811071667068]",-1.0000000099984663
[-0.18002245 -0.45774429  0.11142711  0.0913139 ],-1.0000000097319377
[-0.22579688 -0.60142888  0.1205585   0.00499329],-1.000000009783537
[-0.28593977 -0.74005758  0.12105783 -0.04631617],-1.0000000099618451
[-0.35994552 -0.87602978  0.11642622 -0.08976102],-1.0000000099352406
[-0.4475485  -1.01076531  0.10745011 -0.14146144],-0.9479211949761722
[-0.54862503 -1.13598004  0.09330397 -0.19134565],0.9634021675734488
[-0.66222304 -0.91521854  0.07416941  0.58924451],0.923776890670291
[-0.75374489 -0.71079344  0.13309386  1.28211097],0.7089409348670604
[-0.82482423 -0.53339555  0.26130495  2.05174989],0.36151372006049426
"[0.23065817207657618, 0.24396554540118132, -0.08923766506182831, -0.21182924786191243]",1.0000000099959587
[ 0.25505473  0.39747215 -0.11042059 -0.04659056],1.000000009999535
[ 0.29480194  0.54252273 -0.11507965  0.04561098],1.0000000099702653
[ 0.34905421  0.68368803 -0.11051855  0.11668484],1.0000000099618451
[ 0.41742302  0.8235033  -0.09885006  0.1955581 ],1.0000000099352406
[ 0.49977335  0.96389292 -0.07929425  0.30445444],0.8843156453086488
[ 0.59616264  1.0859233  -0.04884881  0.41535186],-0.9954540299741821
[ 0.70475497  0.87212867 -0.00731362 -0.23891141],-0.9604817083217806
[ 0.79196784  0.67968542 -0.03120476 -0.73803359],-0.890725487125878
[ 0.85993638  0.49704022 -0.10500812 -1.27118578],-0.6392184003233958
"[-0.10907004169892609, 0.14738605322601495, -0.010349802291270457, 0.07930168538982185]",0.05569616965322091
[-0.09433144  0.15206269 -0.00241963  0.06564235],-0.015631802539515342
[-0.07912517  0.14580652  0.0041446   0.04407237],-0.055206627910344946
[-0.06454452  0.13422413  0.00855184  0.02526494],-0.07584798749549726
[-0.0511221   0.12027799  0.01107833  0.01134359],-0.08482755858279908
[-0.0390943   0.10562852  0.01221269  0.00185278],-0.08657200658794804
[-0.02853145  0.09123174  0.01239797 -0.00422734],-0.08390000347253293
[-0.01940828  0.07763228  0.01197524 -0.00785997],-0.07864855056012203
[-0.01164505  0.06512205  0.01118924 -0.00980469],-0.07202350716182321
[-0.00513285  0.05383383  0.01020877 -0.01061935],-0.06481249226517763
"[0.12737516710758895, 0.2581918827812565, -1.5711223079334369e-06, 0.22144856287121567]",-0.263505919196576
[0.15319436 0.20558699 0.02214329 0.08990614],-0.27513436298331323
[0.17375305 0.15774478 0.0311339  0.02452304],-0.27227920093587865
[ 0.18952753  0.11369556  0.0335862  -0.00935074],-0.2574730001414678
[ 0.20089709  0.0737953   0.03265113 -0.02684262],-0.23491430273033542
[ 0.20827662  0.03847246  0.02996687 -0.03517959],-0.20826687373947236
[ 0.21212387  0.00791948  0.02644891 -0.03816552],-0.18021813974344383
[ 0.21291581 -0.01791852  0.02263236 -0.03798004],-0.15256883590349662
[ 0.21112396 -0.03927978  0.01883435 -0.03595032],-0.12643937120314053
[ 0.20719598 -0.05651715  0.01523932 -0.03291315],-0.10246506988897329
"[-0.1380104384510298, 0.4204621426929773, 0.012998514106114856, -0.09924816373475659]",0.5521939218428781
[-0.09596422  0.51667309  0.0030737   0.17318013],0.03989058076748581
[-0.04429692  0.51534335  0.02039171  0.17739017],-0.22195759425659667
[0.00723742 0.47106291 0.03813073 0.11662556],-0.3507510251200026
[0.05434371 0.40891537 0.04979328 0.05464001],-0.40434668083584774
[0.09523525 0.34127263 0.05525729 0.00748378],-0.41407125234241615
[ 0.12936251  0.27455359  0.05600566 -0.02397765],-0.3982417371589065
[ 0.15681787  0.21212668  0.0536079  -0.04287367],-0.3681274066465221
[ 0.17803054  0.1556698   0.04932053 -0.05271601],-0.3308417521168068
[ 0.19359752  0.10587296  0.04404893 -0.05640836],-0.2908962531183295
"[-0.2251138607814593, 0.4439443414078723, -0.02404618621285956, 0.23414379994423823]",0.12522190364435237
[-0.18071943  0.45220235 -0.00063181  0.19588939],-0.09821645314659253
[-0.13549919  0.42594764  0.01895713  0.12869489],-0.21763325414224405
[-0.09290443  0.3836969   0.03182662  0.06949032],-0.27583237549463685
[-0.05453474  0.33507455  0.03877565  0.02588049],-0.2969124115413429
[-0.02102728  0.28536225  0.0413637  -0.00343154],-0.2954306217825925
[ 0.00750894  0.23751589  0.04102055 -0.02173798],-0.28058056952633953
[ 0.03126053  0.19314834  0.03884675 -0.03218661],-0.2582978759473005
[ 0.05057537  0.15305823  0.03562809 -0.03726513],-0.23243358744377682
[ 0.06588119  0.11753953  0.03190158 -0.03879808],-0.20546415684663774
"[-0.29331952107208487, -0.06843302564904657, 0.05705283538497839, -0.1933487949503265]",-0.5784053303921209
[-0.30016282 -0.15709141  0.03771796 -0.275276  ],-0.14188462530438495
[-0.31587196 -0.16994496  0.01019036 -0.21501697],0.09103790185736108
[-0.33286646 -0.14757739 -0.01131134 -0.13412307],0.21042471420006348
[-0.3476242  -0.10965979 -0.02472365 -0.06702025],0.2633698806328931
[-0.35859018 -0.06639197 -0.03142567 -0.01939606],0.27670825240552116
[-0.36522938 -0.02327816 -0.03336528  0.01142481],0.2667131701646116
[-0.36755719  0.01671542 -0.0322228   0.02969216],0.24361850876968313
[-0.36588565  0.05208789 -0.02925358  0.03920345],0.21395314167082544
[-0.36067686  0.08221709 -0.02533324  0.04287802],0.18186840168436977
"[0.2763687428370502, 0.406054584454968, 0.05749895346754348, -0.1473414122863014]",0.19680761265110186
[0.3169742  0.44981349 0.04276481 0.10294508],-0.2403648456189584
[0.36195555 0.40935959 0.05305932 0.10655795],-0.44222263446249854
[0.40289151 0.33569592 0.06371512 0.05234725],-0.5212045679213114
[ 0.4364611   0.25186232  0.06894984 -0.00119004],-0.5328828277505313
[ 0.46164733  0.16883062  0.06883084 -0.03989892],-0.5072885902883016
[ 0.47853039  0.09193132  0.06484094 -0.06356579],-0.46182885677581265
[ 0.48772353  0.02362966  0.05848436 -0.07550903],-0.4070347919851114
[ 0.49008649 -0.03516645  0.05093346 -0.07925625],-0.3493788547005394
[ 0.48656985 -0.08442898  0.04300784 -0.07766309],-0.292802082918767
"[0.2626003792044848, 0.3012041506473703, -0.027845001808756695, -0.005698153427992125]",0.9904519095597558
[ 0.29272079  0.46834342 -0.02841482  0.34403021],0.18152029324439078
[0.33955514 0.48522468 0.0059882  0.31663663],-0.2372004427604375
[0.3880776  0.4348712  0.03765187 0.2054    ],-0.44600403637611097
[0.43156472 0.35593735 0.05819187 0.10026598],-0.5351743120726161
[0.46715846 0.26771929 0.06821846 0.02223447],-0.5542783930787778
[ 0.49393039  0.18031378  0.07044191 -0.0292029 ],-0.5325763201542707
[ 0.51196177  0.09903882  0.06752162 -0.05986441],-0.4881574150915772
[ 0.52186565  0.02653782  0.06153518 -0.07574112],-0.4324499888340934
[ 0.52451943 -0.03611622  0.05396107 -0.08166136],-0.37268442862085993
"[-0.1559824123047048, 0.03150282966701523, 0.05981962696343289, 0.04835996044740687]",-1.0000000072079882
[-0.15283213 -0.13488074  0.06465562 -0.22114386],-0.6239277842484944
[-0.1663202  -0.22857353  0.04254124 -0.29703519],-0.17130453359620146
[-0.18917756 -0.24418538  0.01283772 -0.23185805],0.07408737480526754
[-0.21359609 -0.2228406  -0.01034809 -0.14703693],0.20314492903056244
[-0.23588015 -0.1846192  -0.02505178 -0.0768154 ],0.263567020146759
[-0.25434207 -0.14003899 -0.03273332 -0.02671413],0.2826427625486656
[-0.26834597 -0.09485544 -0.03540473  0.00607801],0.2769950119371221
[-0.27783152 -0.05223506 -0.03479693  0.02591682],0.257131322803524
[-0.28305502 -0.01383913 -0.03220525  0.03668162],0.22979781442048489
"[0.07732108026036144, -0.2866198025264245, -0.06636912807333106, -0.2111118603950935]",1.0000000092383683
[ 0.0486591  -0.11734379 -0.08748031  0.04957713],1.000000006334917
[ 0.03692472  0.04320838 -0.0825226   0.23673516],0.6808849759079084
[ 0.04124556  0.14414859 -0.05884909  0.28697751],0.28452853263074035
[ 0.05566042  0.17752201 -0.03015133  0.22626221],0.059859296773018884
[ 0.07341262  0.17711408 -0.00752511  0.1513791 ],-0.066962505410271
[0.09112403 0.15970535 0.0076128  0.08941445],-0.13495205689207845
[0.10709456 0.13429933 0.01655424 0.04453687],-0.1666104099004052
[0.1205245  0.10599026 0.02100793 0.0143046 ],-0.17577012682471332
[ 0.13112352  0.07772165  0.02243839 -0.00491614],-0.17127026930454398
"[-0.2490122316599821, -0.17202700254390085, 0.018178732602866565, 0.21222520668381167]",-1.0000000086507645
[-0.26621493 -0.34583694  0.03940125 -0.17786264],-0.6834252871970367
[-0.30079863 -0.45325747  0.02161499 -0.34995121],-0.04057093253577876
[-0.34612437 -0.44660629 -0.01338013 -0.28037168],0.2920547592554427
[-0.390785   -0.38895901 -0.0414173  -0.16900493],0.454135128660445
[-0.4296809  -0.31038903 -0.05831779 -0.0740049 ],0.5177500584565164
[-0.46071981 -0.22620134 -0.06571828 -0.00635956],0.5234934513043188
[-0.48333994 -0.14447986 -0.06635424  0.03698997],0.4957543110532967
[-0.49778793 -0.06945868 -0.06265524  0.06202792],0.449757533621638
[-0.50473379 -0.00317636 -0.05645245  0.07427648],0.3951524712265138
"[0.005532073652660119, 0.09122901721056476, -0.04877343067940565, 0.051697582235438355]",0.7419230736815576
[ 0.01465498  0.21141313 -0.04360367  0.23273958],0.27558278055488655
[ 0.03579629  0.24601109 -0.02032971  0.21243524],0.021469586753002704
[0.0603974  0.24000273 0.00091381 0.1476097 ],-0.11686287904341136
[0.08439767 0.21463327 0.01567478 0.08641315],-0.18787002078040582
[0.105861   0.18076204 0.02431609 0.04011872],-0.21830342065715003
[0.1239372  0.14428431 0.02832797 0.00847576],-0.22408545157046827
[ 0.13836563  0.10849166  0.02917554 -0.01162616],-0.21517224285298045
[ 0.1492148   0.07519742  0.02801293 -0.02340465],-0.19795185628285705
[ 0.15673454  0.04532904  0.02567246 -0.02946514],-0.17655361244112414
"[0.17865033941429215, 0.20992209879130141, 0.0873983594890393, -0.11693055599552066]",-0.675373895123965
[ 0.19964255  0.10668012  0.0757053  -0.16098142],-0.47749613417784764
[ 0.21031056  0.03816578  0.05960716 -0.14684083],-0.3451255881571536
[ 0.21412714 -0.00933968  0.04492308 -0.11960441],-0.2514434869064607
[ 0.21319317 -0.04287418  0.03296264 -0.09340652],-0.18279351750713385
[ 0.20890575 -0.06651482  0.02362199 -0.07176958],-0.13140777234713777
[ 0.20225427 -0.08288003  0.01644503 -0.05482305],-0.09243507095746233
[ 0.19396627 -0.09378055  0.01096272 -0.04179411],-0.06263371450301852
[ 0.18458821 -0.10053022  0.00678331 -0.03181642],-0.03973782582188615
[ 0.17453519 -0.10411173  0.00360167 -0.02415539],-0.022115872369543037
"[0.23747514601351621, -0.050746293054743596, 0.09139067587794834, -0.20332927023750613]",-0.7810137986796675
[ 0.23240052 -0.16738229  0.07105775 -0.27109478],-0.40584871376278747
[ 0.21566229 -0.21912549  0.04394827 -0.22640544],-0.18322004831012695
[ 0.19374974 -0.23669944  0.02130773 -0.16268757],-0.04798740293925285
[ 0.17007979 -0.23542007  0.00503897 -0.10729106],0.03380394458738757
[ 0.14653779 -0.22364295 -0.00569014 -0.06549966],0.08160305108689567
[ 0.12417349 -0.20625818 -0.0122401  -0.03597014],0.10738584226877702
[ 0.10354767 -0.18625332 -0.01583712 -0.01593487],0.1188823188243772
[ 0.08492234 -0.16548396 -0.0174306  -0.00279974],0.12121583658097321
[ 0.06837395 -0.14509432 -0.01771058  0.00548239],0.11782359370741544
"[0.18328941567972323, 0.3936859800903839, 0.09006446093498245, -0.2565900055940953]",-0.06164535923609227
[ 0.22265801  0.399388    0.06440546 -0.0216877 ],-0.3279739667298164
[0.26259681 0.34970905 0.06223669 0.01187229],-0.4355785083217074
[ 0.29756772  0.28079204  0.06342392 -0.00798701],-0.46386700460777885
[ 0.32564692  0.20830382  0.06262522 -0.03386852],-0.45081754967820054
[ 0.3464773   0.13929378  0.05923837 -0.05301005],-0.4162707114086748
[ 0.36040668  0.07691503  0.05393736 -0.0638675 ],-0.37137081666792987
[ 0.36809819  0.02241742  0.04755061 -0.06800483],-0.32266671880702064
[ 0.37033993 -0.02394111  0.04075013 -0.0674368 ],-0.2740636119881201
[ 0.36794582 -0.06243763  0.03400645 -0.06386974],-0.22785090268391708
"[-0.17098113144402502, -0.24953483967336507, 0.0011269343891383288, -0.25118247633446367]",0.32178648254425574
[-0.19593462 -0.18619129 -0.02399131 -0.0900305 ],0.3062470873875639
[-0.21455374 -0.13353977 -0.03299436 -0.01714858],0.28832949972674793
[-0.22790772 -0.08751044 -0.03470922  0.01711904],0.26445599253365976
[-0.23665877 -0.04711742 -0.03299732  0.03309217],0.23614229374454465
[-0.24137051 -0.0121494  -0.0296881   0.03969406],0.2057514864564829
[-0.24258545  0.01754171 -0.02571869  0.04120805],0.17526734943002262
[-0.24083128  0.04221145 -0.02159789  0.03989041],0.1460702847733677
[-0.23661013  0.06222566 -0.01760885  0.03702681],0.11901006986164611
[-0.23038756  0.07802234 -0.01390617  0.03338961],0.09453889021872988
"[0.19003635788162354, -0.07833976859359226, -0.06673856018635843, 0.14452436201089713]",0.6345669219972573
[ 0.18220238  0.02061106 -0.05228612  0.22845877],0.27491684658720056
[ 0.18426349  0.05623974 -0.02944025  0.18945957],0.07448580003138322
[ 0.18988746  0.06088832 -0.01049429  0.12896133],-0.0370183889822517
[0.19597629 0.05024509 0.00240184 0.07663905],-0.09593188724610537
[0.2010008  0.03253222 0.01006575 0.03823169],-0.12281127170135234
[0.20425403 0.01230362 0.01388892 0.01230848],-0.13010511711957412
[ 0.20548439 -0.00786091  0.01511976 -0.0040887 ],-0.12567791831905387
[ 0.2046983  -0.02652457  0.01471089 -0.01371777],-0.11460068042659774
[ 0.20204584 -0.04294401  0.01333912 -0.01873686],-0.10015546687442373
"[-0.09042767656975684, 0.09045522481380908, 0.06354577602383589, -0.05970662361946394]",-0.7676475953754729
[-0.08138215 -0.03376361  0.05757511 -0.21464649],-0.3619537121963077
[-0.08475851 -0.08356247  0.03611046 -0.19812369],-0.13500289440755595
[-0.09311476 -0.09693283  0.0162981  -0.14309426],-0.005957318494755924
[-0.10280804 -0.09189521  0.00198867 -0.09057129],0.06572247456978828
[-0.11199757 -0.0777428  -0.00706846 -0.05031156],0.10240452761125338
[-0.11977185 -0.05960014 -0.01209962 -0.02226203],0.11741815531113688
[-0.12573186 -0.04040302 -0.01432582 -0.00390096],0.11912521301229738
[-0.12977216 -0.02184002 -0.01471592  0.00742093],0.1129207286538826
[-0.13195616 -0.0048471  -0.01397382  0.01386125],0.10232163446773719
"[-0.06546581546610286, -0.15401365707525866, 0.09357419151582667, 0.16858368521878675]",-1.000000009964061
[-0.08086718 -0.30799823  0.11043256  0.01277435],-1.0000000099385629
[-0.111667   -0.45467404  0.11170999 -0.08346093],-1.0000000099600395
[-0.15713441 -0.59833889  0.1033639  -0.16903916],-1.0000000099191915
[-0.2169683  -0.74161996  0.08645999 -0.27410543],-1.0000000093853323
[-0.29113029 -0.88681172  0.05904944 -0.4253622 ],-0.9597155676645103
[-0.37981146 -1.02936412  0.01651322 -0.63717099],0.12611633913099782
[-0.48274788 -0.98328776 -0.04720388 -0.4815109 ],0.6846597772146308
[-0.58107665 -0.85353837 -0.09535497 -0.2727161 ],0.951834528348627
[-0.66643049 -0.69044884 -0.12262658 -0.09851198],0.9999999768799942
"[-0.19549837743485854, -0.01955808738127196, -0.02442335576938784, 0.0222799238211443]",0.1898219709300044
[-0.19745419  0.00877914 -0.02219536  0.03330598],0.1564338958018301
[-0.19657627  0.03112622 -0.01886477  0.03481179],0.12791220159105238
[-0.19346365  0.04877161 -0.01538359  0.03272032],0.10299053935531437
[-0.18858649  0.06249562 -0.01211155  0.02935162],0.08118572336133799
[-0.18233693  0.07288034 -0.00917639  0.02564885],0.062234435849862976
[-0.17504889  0.08041529 -0.00661151  0.02201074],0.04591611055753555
[-0.16700736  0.08553202 -0.00441043  0.0186093 ],0.032007253951828164
[-0.15845416  0.08861535 -0.0025495   0.01551548],0.020277202044282395
[-0.14959263  0.09000747 -0.00099796  0.01275164],0.010494517456371949
"[0.21039108306150028, 0.42233157352633155, -0.005846317294012235, -0.2888089441565324]",1.0000000094482984
[ 0.25262424  0.59488242 -0.03472721  0.12834499],1.0000000041657289
[ 0.31211248  0.75657298 -0.02189271  0.44759145],0.14645130462989359
[0.38776978 0.76357627 0.02286643 0.41147828],-0.407926652516927
[0.46412741 0.68163032 0.06401426 0.26259421],-0.6800942823548269
[0.53229044 0.56269452 0.09027368 0.12201844],-0.791744590489387
[0.58855989 0.43264447 0.10247552 0.01798014],-0.8096777137458502
[ 0.63182434  0.30496264  0.10427354 -0.05024549],-0.7733095507247475
[ 0.6623206   0.18669696  0.09924899 -0.09052206],-0.7069894688111857
[ 0.6809903   0.08129764  0.09019678 -0.11093599],-0.6260822795931617
"[0.012000663940994083, 0.264816837083489, -0.0074961604723456365, -0.09285194251101994]",0.7430581792234521
[ 0.03848235  0.39308142 -0.01678135  0.20951861],0.16324000832750674
[0.07779049 0.41111872 0.00417051 0.21351469],-0.13790014127744074
[0.11890236 0.37968089 0.02552198 0.14512386],-0.29070453454763595
[0.15687045 0.32674264 0.04003436 0.07527673],-0.3593939205720161
[0.18954471 0.26615929 0.04756203 0.02186461],-0.37874142339584665
[ 0.21616064  0.20517333  0.0497485  -0.01411355],-0.3690876229448685
[ 0.23667798  0.14763682  0.04833714 -0.03611042],-0.3429584754075403
[ 0.25144166  0.0955205   0.0447261  -0.04801194],-0.3082736012724005
[ 0.26099371  0.04969317  0.0399249  -0.05303439],-0.27006899164031045
"[-0.16527475717497558, 0.15659989352354964, -0.00838044073150461, 0.08512859868946954]",-0.012287085913295186
[-1.49614768e-01  1.49275891e-01  1.32419137e-04  4.62857040e-02],-0.0322510941715948
[-0.13468718  0.14073122  0.00476099  0.02524521],-0.04564964233208517
[-0.12061406  0.13114342  0.00728551  0.01293533],-0.05349637179613276
[-0.10749972  0.12097838  0.00857904  0.00536654],-0.057205567420105054
[-0.09540188  0.11066978  0.0091157   0.00060754],-0.05801980640976569
[-0.0843349   0.10054422  0.00917645 -0.00237917],-0.05689647445286042
[-0.07428048  0.0908234   0.00893854 -0.00420505],-0.054533076061043365
[-0.06519814  0.08164557  0.00851803 -0.00525611],-0.05142318300441505
[-0.05703358  0.07308776  0.00799242 -0.00578704],-0.04790957646900519
"[0.24737115453717667, -0.3194412552251439, 0.07163901010120853, -0.1631279001577736]",-0.9249850391968312
[ 0.21542703 -0.4626406   0.05532622 -0.34570676],-0.31847008081892375
[ 0.16916297 -0.4973297   0.02075554 -0.29691489],0.016318042363769217
[ 0.11943    -0.47976372 -0.00893595 -0.20214827],0.20046805776777432
[ 0.07145363 -0.43697551 -0.02915077 -0.11705031],0.29581967209507126
[ 0.02775608 -0.38303454 -0.0408558  -0.05358624],0.33703986563706206
[-0.01054738 -0.32571022 -0.04621443 -0.01033641],0.34502244804659826
[-0.0431184  -0.26941033 -0.04724807  0.01722478],0.33296058257707545
[-0.07005943 -0.21660424 -0.04552559  0.03351791],0.3093876175314581
[-0.09171986 -0.16858436 -0.0421738   0.04206312],0.2798614476383078
"[0.0497380148559442, -0.19185533527041887, 0.017575198639832756, -0.008656849365867192]",-0.4721044925465878
[ 0.03055248 -0.26949431  0.01670951 -0.15974315],-0.1152654697739781
[ 0.00360305 -0.28107833  0.0007352  -0.14777724],0.0737654480958861
[-0.02450478 -0.26235562 -0.01404252 -0.0991619 ],0.1719924040632101
[-0.05074035 -0.2300661  -0.02395871 -0.05282437],0.21796270999950773
[-0.07374696 -0.19265744 -0.02924115 -0.01797858],0.23286785305104438
[-0.0930127  -0.15463186 -0.03103901  0.00546929],0.2292615884623138
[-0.10847589 -0.11843453 -0.03049208  0.01994152],0.214951602848932
[-0.12031934 -0.08535135 -0.02849793  0.02796688],0.19491462872542833
[-0.12885447 -0.05597998 -0.02570124  0.03159631],0.1723398277237799
"[0.09105427100965768, 0.2315834761542871, 0.014334880879497233, 0.24475710027558267]",-0.6158283123923827
[ 0.11421262  0.11924278  0.03881059 -0.00103647],-0.3999814055179401
[ 0.1261369   0.05473002  0.03870694 -0.06727438],-0.27572301774581237
[ 0.1316099   0.01395385  0.03197951 -0.07441229],-0.19626766783094332
[ 0.13300528 -0.01343345  0.02453828 -0.06455198],-0.14151201236358082
[ 0.13166194 -0.03235676  0.01808308 -0.05175686],-0.10194734993121386
[ 0.12842626 -0.04546829  0.01290739 -0.04024324],-0.07253773617139184
[ 0.12387943 -0.05437798  0.00888307 -0.03090226],-0.05030917526100789
[ 0.11844164 -0.06016007  0.00579284 -0.02359943],-0.03334553808345235
[ 0.11242563 -0.06357895  0.0034329  -0.01795779],-0.020334688550230417
"[0.2523176526445326, -0.09555701790659493, -0.0836103980578902, -0.10685721354675495]",1.0000000096868757
[ 0.24276195  0.06563306 -0.09429612  0.09137669],1.0000000091948311
[ 0.24932526  0.22103319 -0.08515845  0.24895623],0.9999999943814125
[ 0.27142858  0.37604753 -0.06026283  0.42795814],0.30766479930732693
[ 0.30903333  0.40902867 -0.01746701  0.36280085],-0.11607698316969
[0.3499362  0.37581262 0.01881307 0.23695581],-0.3369247983054739
[0.38751746 0.31274864 0.04250865 0.12535324],-0.43993998288613867
[0.41879232 0.23843809 0.05504398 0.04367694],-0.47268283875868394
[ 0.44263613  0.16287803  0.05941167 -0.01041548],-0.46365072301508675
[ 0.45892393  0.09150269  0.05837012 -0.04334458],-0.4306694658473121
"[0.11700993568990758, -0.03317284385587327, 0.09653386337613108, 0.1858596190627253]",-1.0000000099718271
[ 0.11369265 -0.1885656   0.11511983  0.03378087],-1.000000009953219
[ 0.09483609 -0.33616218  0.11849791 -0.05327276],-1.0000000099192354
[ 0.06121987 -0.48016954  0.11317064 -0.12307719],-1.0000000098503532
[ 0.01320292 -0.62297994  0.10086292 -0.20294081],-1.0000000096777646
[-0.04909507 -0.76648105  0.08056884 -0.31468447],-1.0000000089047192
[-0.12574318 -0.91279505  0.04910039 -0.48317984],-0.5705767832860291
[-2.17022683e-01 -9.86788501e-01  7.82404808e-04 -5.47927042e-01],0.24857687103595968
[-0.31570153 -0.92342854 -0.0540103  -0.38758542],0.6677723532664057
[-0.40804439 -0.79965808 -0.09276884 -0.21041503],0.8617738789898058
"[-0.21491157995397298, -0.13067315286677528, 0.0989444318340605, -0.1746665302401918]",-1.0000000088683172
[-0.2279789  -0.28364706  0.08147778 -0.31479238],-0.84285922736832
[-0.2563436  -0.40993748  0.04999854 -0.43098623],-0.17007684431158723
[-0.29733735 -0.42003198  0.00689992 -0.33374556],0.18972324926083156
[-0.33934055 -0.37605136 -0.02647464 -0.20687059],0.3743477211219432
[-0.37694568 -0.30822748 -0.0471617  -0.102135  ],0.45608274229457485
[-0.40776843 -0.23230822 -0.0573752  -0.02783504],0.47624612752442025
[-0.43099925 -0.15683505 -0.0601587   0.02032913],0.45996746454582693
[-0.44668276 -0.08643899 -0.05812579  0.04897948],0.4230953819638837
[-0.45532666 -0.02348408 -0.05322784  0.06400378],0.3757720473111114
"[-0.031270427689538416, 0.44569643740127407, 0.029916300596909487, 0.14543249699333471]",-0.35983644535950193
[0.01329922 0.38016312 0.04445955 0.05485667],-0.379358047423469
[0.05131553 0.3161609  0.04994522 0.00373685],-0.3744725021366707
[ 0.08293162  0.25567803  0.0503189  -0.0251445 ],-0.35381243140840085
[ 0.10849942  0.20015183  0.04780445 -0.04071658],-0.3240155504387831
[ 0.1285146   0.15038117  0.0437328  -0.04805711],-0.2897740914314552
[ 0.14355272  0.10665308  0.03892708 -0.05026315],-0.25423709526806915
[ 0.15421803  0.0688969   0.03390077 -0.04930962],-0.21942403298495639
[ 0.16110772  0.03681336  0.02896981 -0.04648522],-0.18656068121835812
[ 0.16478905  0.00997025  0.02432129 -0.04263706],-0.15632955380437613
"[0.19052048473436572, 0.10056134367742808, 0.05370293719741277, -0.2818118403826389]",0.22245240261695723
[ 0.20057662  0.15352777  0.02552175 -0.01780402],-0.04661132616952903
[0.2159294  0.14908159 0.02374135 0.03360289],-0.16957835778322713
[0.23083755 0.12188502 0.02710164 0.02375964],-0.22019718277447653
[0.24302606 0.08687914 0.0294776  0.00262056],-0.23275493090705993
[ 0.25171397  0.05086245  0.02973966 -0.01522577],-0.22471769980238782
[ 0.25680022  0.01703249  0.02821708 -0.02696247],-0.20574234465400618
[ 0.25850346 -0.01313903  0.02552084 -0.03328141],-0.18148772910786562
[ 0.25718956 -0.03907265  0.02219269 -0.03560884],-0.15536907136309935
[ 0.2532823  -0.06067552  0.01863181 -0.03526055],-0.12945048298279976
"[-0.06314635705859897, 0.08589747984615759, 0.02086353589447594, -0.21512169638490164]",0.3875145692437353
[-0.05455661  0.16036112 -0.00064863  0.02219077],0.11889231306083342
[-0.0385205   0.17888379  0.00157044  0.06692021],-0.01803642380768278
[-0.02063212  0.17276886  0.00826246  0.0554786 ],-0.08835186135088784
[-0.00335523  0.15577066  0.01381032  0.03321688],-0.12225690027000351
[0.01222183 0.13440083 0.01713201 0.01361468],-0.13518753034797065
[ 0.02566192  0.11195702  0.01849348 -0.00053577],-0.13577451716291786
[ 0.03685762  0.09017891  0.0184399  -0.00968654],-0.12918395960323528
[ 0.04587551  0.06998099  0.01747125 -0.0150174 ],-0.11863984974523717
[ 0.05287361  0.05180868  0.01596951 -0.01765636],-0.10619111500584169
"[-0.10396135262218345, -0.19180687186274636, -0.02209423756800409, 0.17199220914042085]",-0.4660001973261122
[-0.12314204 -0.27894061 -0.00489502 -0.10001852],-0.046673484314399265
[-0.1510361  -0.28365757 -0.01489687 -0.12380813],0.16263285770126762
[-0.17940186 -0.25291028 -0.02727768 -0.08342023],0.262565532837478
[-0.20469289 -0.20786423 -0.0356197  -0.03760778],0.3018606428740759
[-0.22547931 -0.15872398 -0.03938048 -0.00199348],0.3064405563514968
[-0.24135171 -0.11065071 -0.03957983  0.02174012],0.2912235262323227
[-0.25241678 -0.06627212 -0.03740582  0.03574712],0.2652642776424645
[-0.25904399 -0.0268395  -0.03383111  0.04271282],0.23420854788942846
[-0.26172794  0.00718504 -0.02955982  0.04491306],0.20159106533795162
"[-0.2890366340843492, 0.0640799139655811, -0.04871126456807166, 0.010511371780575318]",0.6676191537846523
[-0.28262864  0.1712663  -0.04766013  0.15920394],0.34575985714227114
[-0.26550201  0.21826884 -0.03173973  0.15997994],0.15928676544363882
[-0.24367513  0.23477065 -0.01574174  0.12348964],0.046863740880226365
[-0.22019806  0.23480989 -0.00339278  0.08502594],-0.021645393008695966
[-0.19671707  0.22569433  0.00510982  0.05392274],-0.06263486727658861
[-0.17414764  0.21156553  0.01050209  0.03111327],-0.08583751909042413
[-0.15299109  0.19491698  0.01361342  0.01521293],-0.09740521768700061
[-0.13349939  0.17730009  0.01513471  0.00451315],-0.10138019895306667
[-0.11576938  0.15968782  0.01558603 -0.00244838],-0.10047470119348076
"[-0.2516531759797233, 0.08705986090082962, 0.01121915175461169, -0.1545793061044935]",0.257494431304185
[-0.24294719  0.13528674 -0.00423878 -0.0065    ],0.12639461780845668
[-0.22941852  0.15467004 -0.00488878  0.03158608],0.05481801742850275
[-0.21395151  0.16051419 -0.00173017  0.03422468],0.012561278465198618
[-0.19790009  0.15941399  0.0016923   0.02723662],-0.013602972023760831
[-0.18195869  0.15449199  0.00441596  0.01907629],-0.03006653683969625
[-0.1665095   0.14739452  0.00632359  0.0121485 ],-0.04027478637728402
[-0.15177004  0.13908028  0.00753844  0.00685135],-0.046278616975591484
[-0.13786201  0.13015059  0.00822357  0.0029913 ],-0.049394102643785694
[-0.12484696  0.12100017  0.0085227   0.00025763],-0.05050884020975688
"[-0.23060914571035382, -0.13610413140929162, -0.0946180337857314, 0.2279840937790764]",0.523345891129379
[-0.24421956 -0.06377415 -0.07181962  0.17705192],0.39775779692277613
[-0.25059697 -0.00949848 -0.05411443  0.13682639],0.3021219448614183
[-0.25154682  0.03113537 -0.04043179  0.10586358],0.22835622176026962
[-0.24843329  0.06127645 -0.02984544  0.08218324],0.17091395200149767
[-0.24230564  0.08325569 -0.02162711  0.06402861],0.12586085889025447
[-0.23398007  0.09884101 -0.01522425  0.05001916],0.09034232507644556
[-0.22409597  0.1093969  -0.01022233  0.03911926],0.062250996225721195
[-0.21315628  0.11599068 -0.00631041  0.03056572],0.04000804801662985
[-0.20155721  0.11946634 -0.00325384  0.02379868],0.02241434917342383
"[0.05130715317606649, 0.3404253089510416, -0.006819344059557905, 0.1649568207294304]",0.0777918490935546
[0.08534968 0.34654932 0.00967634 0.16356757],-0.15433186540872973
[0.12000462 0.31477107 0.02603309 0.10781306],-0.26941466391613844
[0.15148172 0.2670213  0.0368144  0.05219147],-0.31822914798550567
[0.17818385 0.21414794 0.04203355 0.01016969],-0.3283602594188219
[ 0.19959865  0.16179012  0.04305052 -0.0177776 ],-0.3159711524546553
[ 0.21577766  0.11290939  0.04127276 -0.03453942],-0.2910126629020672
[ 0.2270686   0.06898054  0.03781881 -0.04327444],-0.2597622695294944
[ 0.23396665  0.03060928  0.03349137 -0.04657436],-0.22619431519118322
[ 0.23702758 -0.00211769  0.02883393 -0.04636223],-0.19278814420025298
"[-0.2472863872736154, 0.3324806488798576, -0.04128936401914744, 0.142002641603871]",0.521430678261763
[-0.21403832  0.41018895 -0.0270891   0.23516866],0.13355929041248718
[-0.17301943  0.41976368 -0.00357223  0.19275189],-0.07920810796478697
[-0.13104306  0.39676908  0.01570296  0.1265057 ],-0.19408326218471544
[-0.09136615  0.35846095  0.02835353  0.06918741],-0.25101125039246214
[-0.05552006  0.31388201  0.03527227  0.02717968],-0.2726281692109981
[-0.02413186  0.26803384  0.03799023 -0.00105274],-0.27267675084893983
[ 0.00267153  0.22373778  0.03788496 -0.01874598],-0.25986803376203194
[ 0.02504531  0.18254839  0.03601036 -0.02892917],-0.23984193048299873
[ 0.04330014  0.14524832  0.03311745 -0.03397975],-0.2162668244963348
"[0.2762622616765235, -0.34860566689117056, -0.06430462400069116, -0.17073872546805885]",1.0000000083887544
[ 0.24140169 -0.17764967 -0.0813785   0.09920816],0.9049322140727627
[ 0.22363673 -0.03165224 -0.07145768  0.26491897],0.4270646262666861
[ 0.2204715   0.02746354 -0.04496578  0.23768339],0.1604371279647065
[ 0.22321786  0.04411182 -0.02119744  0.16915621],0.009922337328666042
[ 0.22762904  0.03944679 -0.00428182  0.10556195],-0.07252771949916818
[0.23157372 0.02439879 0.00627437 0.05744444],-0.11357283011410221
[0.2340136  0.00498433 0.01201882 0.02426883],-0.12914751820329165
[ 0.23451203 -0.01537278  0.0144457   0.00280865],-0.12925056535945598
[ 0.23297475 -0.03472941  0.01472656 -0.01020462],-0.12031887259908057
"[-0.22165832443879918, 0.07604916854347332, -0.02265400016109917, 0.05426556313641856]",0.17363131523302164
[-0.21405341  0.10017583 -0.01722744  0.05909842],0.10771547174383425
[-0.20403582  0.11333041 -0.0113176   0.04978926],0.06378550170366176
[-0.19270278  0.11983881 -0.00633868  0.03833907],0.03333074138441584
[-0.1807189   0.12202294 -0.00250477  0.02827329],0.011798884942277266
[-0.16851661  0.12127763  0.00032256  0.02027465],-0.003516549790474578
[-0.15638885  0.11851729  0.00235002  0.0141637 ],-0.014363239836196867
[-0.14453712  0.1143772   0.00376639  0.00956948],-0.021935487796468096
[-0.1330994   0.10931442  0.00472334  0.00613782],-0.02707979740922261
[-0.12216795  0.10366434  0.00533712  0.00358186],-0.030410605569394508
"[0.16566576518659593, -0.2965524783490211, -0.03637958245864609, 0.032804139103974506]",0.1932236643772073
[ 0.13601052 -0.26575142 -0.03309917  0.02069794],0.20031945892814115
[ 0.10943538 -0.23334408 -0.03102937  0.02064503],0.19432377748666135
[ 0.08610097 -0.2020633  -0.02896487  0.02284598],0.18199830983229143
[ 0.06589464 -0.17304077 -0.02668027  0.02445803],0.16676379359263455
[ 0.04859056 -0.14670541 -0.02423447  0.02494777],0.15048471945515307
[ 0.03392002 -0.12315512 -0.02173969  0.0244653 ],0.13422648945138463
[ 0.02160451 -0.10232234 -0.01929316  0.0232995 ],0.11860545026090774
[ 0.01137227 -0.08405467 -0.01696321  0.02171326],0.10396786678140583
[ 0.00296681 -0.06815778 -0.01479189  0.01990685],0.090490757197776
"[-0.2849223775303067, -0.014656009402342296, -0.0723858061470029, 0.08331611078226575]",0.7281863035455178
[-0.28638798  0.09864627 -0.0640542   0.18930303],0.4218211742597537
[-0.27652335  0.15641631 -0.04512389  0.17684074],0.23684566684715438
[-0.26088172  0.18456646 -0.02743982  0.13668852],0.12002750492208701
[-0.24242507  0.19569369 -0.01377097  0.09729241],0.04470052186817464
[-0.2228557   0.19657764 -0.00404172  0.06576858],-0.003937253666131281
[-0.20319794  0.19120378  0.00253513  0.04243151],-0.03483892109293606
[-0.18407756  0.1820678   0.00677828  0.02579902],-0.05375904942847904
[-0.16587078  0.17079261  0.00935819  0.01421212],-0.06453940806525287
[-0.14879152  0.15845236  0.0107794   0.00628214],-0.069801095173176
"[0.2514245512705687, -0.1818173199090376, -0.04145234313281658, 0.2833600252792993]",-0.2830912621066979
[ 0.23324282 -0.24105445 -0.01311634  0.03368273],-0.07194118673497318
[ 0.20913737 -0.25325216 -0.00974807 -0.02895313],0.03328257134651322
[ 0.18381216 -0.24519786 -0.01264338 -0.03269632],0.08700667348540453
[ 0.15929237 -0.22829702 -0.01591301 -0.02141118],0.11340373940083996
[ 0.13646267 -0.20777876 -0.01805413 -0.00909028],0.12427005400422926
[ 0.11568479 -0.18623076 -0.01896316  0.00056043],0.12595364261141753
[ 0.09706172 -0.16501184 -0.01890712  0.00716153],0.12216544034488454
[ 0.08056053 -0.14485282 -0.01819096  0.01124981],0.11520299229066283
[ 0.06607525 -0.12613504 -0.01706598  0.01348883],0.10653520973871589
"[0.2634663112441991, 0.4046033389205468, 0.03388604002026861, -0.20236029965040303]",0.729033555053314
[0.30392665 0.5388356  0.01365001 0.21631235],-0.009592724582768502
[0.3578102  0.53093348 0.03528125 0.22999794],-0.375759316236391
[0.41090355 0.46238812 0.05828104 0.14503426],-0.546016348270461
[0.45714237 0.37028541 0.07278447 0.05750851],-0.607108021621204
[ 0.49417091  0.27262926  0.07853532 -0.00837426],-0.6057788562803709
[ 0.52143383  0.17852931  0.07769789 -0.05127714],-0.5691781146731778
[ 0.53928676  0.09257214  0.07257018 -0.07587103],-0.5138598153832991
[ 0.54854398  0.01686562  0.06498307 -0.08739541],-0.4501486715644317
[ 0.55023054 -0.04790839  0.05624353 -0.09017017],-0.3844849407178568
"[0.25123029725722285, -0.1592876671884894, -0.033858374276800204, 0.1411287405693516]",0.050960053625570295
[ 0.23530153 -0.15617444 -0.0197455   0.06596559],0.046606770847184335
[ 0.21968409 -0.15013692 -0.01314894  0.03268854],0.04037533721091718
[ 0.20467039 -0.14357891 -0.00988009  0.01687337],0.03582318346833589
[ 0.1903125  -0.13709406 -0.00819275  0.00888334],0.033282185395393744
[ 0.1766031  -0.13073817 -0.00730442  0.00470457],0.0322400647657909
[ 0.16352928 -0.12444996 -0.00683396  0.00253286],0.03210330927090659
[ 0.15108428 -0.11817531 -0.00658067  0.00147985],0.032402244113232774
[ 0.13926675 -0.11189281 -0.00643269  0.00106704],0.03281527134299844
[ 0.12807747 -0.10561    -0.00632598  0.00101758],0.03314291003254025
"[-0.1030597586792707, -0.054047122068300646, -0.04588487740734722, 0.1856436801807707]",0.048846117914717414
[-0.10846447 -0.05644827 -0.02732051  0.06723004],0.10194508871871442
[-0.1141093  -0.04419006 -0.0205975   0.03095187],0.11613693780092314
[-0.1185283  -0.02777782 -0.01750232  0.02153123],0.11361513137476448
[-0.12130609 -0.01129541 -0.0153492   0.01986883],0.10384119505164578
[-0.12243563  0.00368566 -0.01336231  0.01972711],0.09114445038762166
[-0.12206706  0.0166169  -0.0113896   0.01932732],0.07764972666783142
[-0.12040537  0.02738675 -0.00945687  0.01835576],0.0644531149721052
[-0.1176667   0.03607806 -0.00762129  0.01692163],0.05212539833031953
[-0.11405889  0.04286067 -0.00592913  0.01521157],0.04094707498524913
"[0.2732072259990222, -0.144629272541472, 0.08317462109984129, 0.2196257793420741]",-1.000000009948265
[ 0.2587443  -0.30156445  0.1051372   0.03096151],-1.0000000099106252
[ 0.22858785 -0.4497728   0.10823335 -0.0820785 ],-1.000000009834111
[ 0.18361057 -0.59445616  0.1000255  -0.17872061],-1.0000000096410704
[ 0.12416496 -0.73870025  0.08215344 -0.29437334],-1.0000000087418959
[ 0.05029493 -0.88509629  0.05271611 -0.45919163],-0.5678293485199981
[-0.0382147  -0.9581279   0.00679694 -0.51267561],0.18209216528741123
[-0.13402749 -0.90576879 -0.04447062 -0.36510747],0.5709138008527925
[-0.22460436 -0.79737867 -0.08098137 -0.20302586],0.7556293288556636
[-0.30434223 -0.66713928 -0.10128395 -0.07575213],0.8203239561351967
"[0.1603645931322214, 0.3549959226649487, -0.012075416940580605, 0.1672103848334514]",0.23341901044180283
[0.19586419 0.38774281 0.00464562 0.21951679],-0.12840259571752324
[0.23463847 0.35858408 0.0265973  0.15798865],-0.3097136050223758
[0.27049687 0.30286137 0.04239616 0.08381297],-0.3906487220413725
[0.30078301 0.23766185 0.05077746 0.02464359],-0.4135578033167111
[ 0.3245492   0.17172441  0.05324182 -0.01583912],-0.40272964440999287
[ 0.34172164  0.10961432  0.05165791 -0.04071484],-0.37291068544989225
[ 0.35268307  0.05363233  0.04758642 -0.0541478 ],-0.33333396678995975
[ 0.3580463   0.00477596  0.04217165 -0.0597377 ],-0.28982955116134673
[ 0.3585239  -0.03672949  0.03619788 -0.06021189],-0.24603924430936927
"[-0.19719178657154202, -0.07895483513603957, 0.08102806706892897, 0.18068492711776213]",-1.0000000099105455
[-0.20508727 -0.23765906  0.09909656 -0.01766091],-1.000000009832856
[-0.22885318 -0.38864515  0.09733047 -0.15244454],-1.0000000096341917
[-0.26771769 -0.53735538  0.08208601 -0.28586532],-1.000000008664816
[-0.32145323 -0.68743392  0.05349948 -0.46005505],-0.5294395793946286
[-0.39019662 -0.75687433  0.00749398 -0.50263795],0.20464771403750612
[-0.46588405 -0.70389112 -0.04276982 -0.35179959],0.5795419859631581
[-0.53627317 -0.59715194 -0.07794978 -0.1896776 ],0.7519256982509672
[-0.59598836 -0.47041966 -0.09691754 -0.06374476],0.8058999233882724
[-0.64303033 -0.34125147 -0.10329201  0.02181318],0.7903225533415272
"[0.12980255808047436, 0.30290303270794416, 0.0025276836481947784, -0.13506931250890525]",0.8233999835276528
[ 0.16009286  0.44775996 -0.01097925  0.23334806],0.13618733762169366
[0.20486886 0.46143484 0.01235556 0.24065025],-0.21540497006078635
[0.25101234 0.41717874 0.03642058 0.16025897],-0.38910126611786255
[0.29273022 0.3485827  0.05244648 0.07795856],-0.46253993590661574
[0.32758849 0.27216768 0.06024234 0.01536601],-0.47768758943072004
[ 0.35480525  0.1964734   0.06177894 -0.02632675],-0.45902891684554104
[ 0.37445259  0.12595964  0.05914626 -0.05130176],-0.4215870399022203
[ 0.38704856  0.06283244  0.05401609 -0.06425652],-0.3748131128442988
[ 0.3933318   0.00798637  0.04759043 -0.06907248],-0.3246752662265674
"[-0.1486118996204976, -0.02023839064712596, -0.004018349687315667, 0.1547892581253455]",-0.5076022895600241
[-0.15063574 -0.11322625  0.01146058 -0.08757591],-0.14777715744701206
[-0.16195836 -0.13496801  0.00270298 -0.11386725],0.03654494314818066
[-0.17545517 -0.12514521 -0.00868374 -0.08268442],0.1296495836513686
[-0.18796969 -0.10161844 -0.01695218 -0.04512925],0.17203142617682768
[-0.19813153 -0.07302499 -0.02146511 -0.01516042],0.1850863312465247
[-0.20543403 -0.04378486 -0.02298115  0.00536996],0.18108039494464867
[-0.20981252 -0.01621042 -0.02244415  0.0180215 ],0.16745640375818857
[-0.21143356  0.00852886 -0.020642    0.02489939],0.14887098110369926
[-0.21058067  0.02992077 -0.01815207  0.02782218],0.12826180027361664
"[0.19604652184580146, -0.1294352585345489, -0.07096655871021411, -0.025918402241152827]",1.0000000073496467
[ 0.183103    0.0357511  -0.0735584   0.21328298],0.6792256882135838
[ 0.18667811  0.1389215  -0.0522301   0.29106251],0.24013589991220505
[ 0.20057026  0.16608873 -0.02312385  0.23104346],-0.00135435911370574
[ 2.17179130e-01  1.56638690e-01 -1.95045575e-05  1.50765938e-01],-0.13181767337121458
[0.232843   0.1298182  0.01505709 0.08365374],-0.19656330667362618
[0.24582482 0.09574506 0.02342246 0.03534035],-0.22147192389957482
[0.25539932 0.05999973 0.0269565  0.00333874],-0.22230520067025958
[ 0.2613993   0.02569812  0.02729037 -0.01639544],-0.20903864723836324
[ 0.26396911 -0.0054781   0.02565083 -0.02749683],-0.18809433502443323
"[-0.20378618650894093, -0.10202174083413423, 0.01953514826324554, -0.1770581218027985]",-0.023120162118679132
[-0.21398836 -0.09914645  0.00182934 -0.12201206],0.09207027478323329
[-0.22390301 -0.08011462 -0.01037187 -0.06994151],0.14928875998257918
[-0.23191447 -0.05428824 -0.01736602 -0.03077119],0.1719423277143507
[-0.23734329 -0.02668302 -0.02044314 -0.00428682],0.17390345087849873
[-2.40011593e-01 -4.61902043e-05 -2.08718225e-02  1.22379642e-02],0.16379823791336895
[-0.24001621  0.02415413 -0.01964803  0.02162023],0.14712141104966547
[-0.2376008   0.04520928 -0.017486    0.02613613],0.12739076757400475
[-0.23307987  0.06287211 -0.01487239  0.0274661 ],0.1068342334569418
[-0.22679266  0.07717491 -0.01212578  0.02679717],0.08682481126149873
"[0.03767977469686379, 0.06771258669165725, -0.1027912302315081, -0.0074876741274411684]",1.0000000097942103
[ 0.04445103  0.22080412 -0.10354     0.12350779],1.0000000095497708
[ 0.06653145  0.37090925 -0.09118922  0.24520279],1.0000000083272147
[ 0.10362237  0.52158382 -0.06666894  0.3985802 ],0.5916184826849585
[ 0.15578075  0.60182663 -0.02681092  0.43591081],-0.024076994403804747
[0.21596342 0.57932963 0.01678016 0.31398049],-0.3488403351009814
[0.27389638 0.509852   0.04817821 0.18136208],-0.5085991553705874
[0.32488158 0.4209874  0.06631442 0.07718394],-0.57090758213959
[0.36698032 0.32726027 0.07403281 0.00527605],-0.5750550090465406
[ 0.39970635  0.23654811  0.07456042 -0.04018519],-0.5451981602872447
"[0.1541467800124542, 0.0221411495260756, -0.056469451671031845, 0.12531180537554631]",0.6372893354929775
[ 0.15636089  0.1225031  -0.04393827  0.23793307],0.22959451939678938
[ 0.1686112   0.15026912 -0.02014496  0.19972453],0.007246422292945281
[ 1.83638117e-01  1.43466877e-01 -1.72510922e-04  1.33365483e-01],-0.112517909677169
[0.1979848  0.12035391 0.01316404 0.07514917],-0.17218617392030006
[0.2100202  0.09037877 0.02067895 0.03244534],-0.19563805615372074
[0.21905807 0.05869436 0.02392349 0.00387716],-0.19725193595584242
[ 0.22492751  0.02816047  0.0243112  -0.01386594],-0.18606494033768373
[ 0.22774356  0.00031973  0.02292461 -0.02392517],-0.16787393875503578
[ 0.22777553 -0.02407782  0.02053209 -0.02877168],-0.1464077618773571
"[-0.1937061552815857, 0.1696851462325184, 0.020056567401000078, -0.1966041265370192]",0.3801979018960162
[-0.17673764  0.24107798  0.00039615  0.03105355],0.11169218034497858
[-0.15262984  0.25710189  0.00350151  0.07209506],-0.02705917743956453
[-0.12691965  0.24843923  0.01071102  0.05901423],-0.09966205431204299
[-0.10207573  0.22866213  0.01661244  0.03580297],-0.13574569742804984
[-0.07920952  0.20426241  0.02019274  0.01548976],-0.150530769809242
[-0.05878328  0.17857586  0.02174171  0.00072952],-0.15258159672549462
[-0.04092569  0.15339801  0.02181466 -0.00896427],-0.14706253470344652
[-0.02558589  0.12970125  0.02091824 -0.01477602],-0.13722466076424933
[-0.01261577  0.10798469  0.01944063 -0.01783252],-0.12515637532350748
"[0.22806095476956517, -0.2089070624804101, -0.10310771423399301, -0.08568867175518954]",1.0000000098370563
[ 0.20717025 -0.05086564 -0.11167658  0.05690613],1.0000000098823822
[ 0.20208368  0.10200896 -0.10598597  0.1655906 ],1.0000000091520513
[ 0.21228458  0.25362235 -0.08942691  0.28506375],0.9999999762252705
[ 0.23764682  0.40690261 -0.06092053  0.44927294],0.275128841220609
[ 0.27833708  0.43323135 -0.01599324  0.36587004],-0.13469447187160066
[0.32166021 0.39658409 0.02059377 0.23505579],-0.34859401885864716
[0.36131862 0.33149658 0.04409934 0.12275585],-0.4479364508272553
[0.39446828 0.25581625 0.05637493 0.04155143],-0.47867546417914875
[ 0.4200499   0.17920621  0.06053007 -0.01190577],-0.46854742775435976
"[-0.1082885512560571, -0.006828880312024721, 0.081344320269828, -0.1608763241009961]",-0.8822356987533135
[-0.10897144 -0.14535171  0.06525669 -0.3079821 ],-0.3624632849734258
[-0.12350661 -0.19115902  0.03445848 -0.262661  ],-0.07414733023937371
[-0.14262251 -0.19194916  0.00819238 -0.18022222],0.08574239492813657
[-0.16181743 -0.17067789 -0.00982984 -0.10696457],0.16996366963655618
[-0.17888522 -0.13929968 -0.0205263  -0.05258466],0.20813730451407064
[-0.19281519 -0.10441174 -0.02578477 -0.01563241],0.21811573980844487
[-0.20325636 -0.06975028 -0.02734801  0.00787168],0.2111547272851281
[-0.21023139 -0.03740301 -0.02656084  0.0217597 ],0.19451356030768954
[-0.21397169 -0.00845943 -0.02438487  0.02906539],0.17290028481938868
"[-0.15600642216564756, 0.21034520610002716, 0.03328884407682829, -0.22686862295164245]",0.3328109447614154
[-0.1349719   0.27592006  0.01060198  0.0186578 ],0.05376288417934355
[-0.1073799   0.28350632  0.01246776  0.06360314],-0.08581299736437138
[-0.07902926  0.26607833  0.01882808  0.05056999],-0.15478500890406385
[-0.05242143  0.23812854  0.02388508  0.02680787],-0.18524387808734222
[-0.02860858  0.20650174  0.02656586  0.0062396 ],-0.19365333771610488
[-0.0079584   0.17463829  0.02718982 -0.00835337],-0.18924259700053306
[ 0.00950543  0.14432341  0.02635448 -0.01754579],-0.1775398686328769
[ 0.02393777  0.11646453  0.02459991 -0.02264358],-0.1619903038083787
[ 0.03558422  0.09147059  0.02233555 -0.02487608],-0.14477523171003406
"[0.21407777874611783, -0.23451219673375662, -0.023538829195205585, 0.10866850568952241]",-0.13281767411544962
[ 0.19062656 -0.26068226 -0.01267198 -0.01443888],0.01667976720115017
[ 0.16455833 -0.25629268 -0.01411587 -0.03450898],0.09112192278473798
[ 0.13892907 -0.23883536 -0.01756676 -0.02543973],0.12715100937418083
[ 0.11504553 -0.2160681  -0.02011074 -0.01154656],0.142020089924983
[ 9.34387203e-02 -1.91692005e-01 -2.12653942e-02  1.37566794e-04],0.14468314050616995
[ 0.07426952 -0.16758406 -0.02125164  0.00832276],0.14021470465237426
[ 0.05751111 -0.14472355 -0.02041936  0.01342258],0.13168319606964768
[ 0.04303876 -0.12360768 -0.0190771   0.01619903],0.12101634618579192
[ 0.03067799 -0.10445655 -0.0174572   0.01735098],0.10944383961123788
"[-0.23417377601072986, 0.07006521135848387, -0.07953872037973526, -0.12914189592401934]",1.0000000096708233
[-0.22716725  0.22932933 -0.09245291  0.0742525 ],1.0000000097047035
[-0.20423432  0.38224287 -0.08502766  0.23013136],0.9999999964668431
[-0.16601004  0.53435816 -0.06201452  0.40220606],0.3745892442834826
[-0.11257422  0.57615668 -0.02179392  0.35480735],-0.04136519118521439
[-0.05495855  0.55232492  0.01368682  0.24182981],-0.26685131044493726
[2.73941099e-04 4.97417528e-01 3.78697975e-02 1.38066649e-01],-0.3809900967546835
[0.05001569 0.42922313 0.05167646 0.06032166],-0.4277941274741933
[0.09293801 0.35745141 0.05770863 0.00745434],-0.4336160220252937
[ 0.12868315  0.28753992  0.05845406 -0.0259845 ],-0.4150049848988455
"[-0.08330462118021598, -0.17235566424737814, 0.10427253929262058, -0.06618173834910776]",-1.0000000096916886
[-0.10054019 -0.32314674  0.09765437 -0.18779693],-1.0000000091638845
[-0.13285486 -0.47296246  0.07887467 -0.32318791],-0.966002278489411
[-0.18015111 -0.61889056  0.04655588 -0.49486575],-0.1490542495511701
[-0.24204016 -0.62228043 -0.00293069 -0.38929574],0.2846454197409259
[-0.30426821 -0.55998976 -0.04186027 -0.24072067],0.5050284568926318
[-0.36026718 -0.46917302 -0.06593234 -0.11618389],0.6006327052038695
[-0.40718449 -0.36906276 -0.07755072 -0.02737909],0.6217868816965372
[-0.44409076 -0.27003427 -0.08028863  0.03025891],0.5989851622032385
[-0.47109419 -0.1776853  -0.07726274  0.06448811],0.5514160797038472
"[0.07920371387896208, -0.14331316451543696, 0.06707799184457965, 0.0007405643209832391]",-1.0000000081701286
[ 0.0648724  -0.30457492  0.06715205 -0.2381761 ],-0.7099103556290826
[ 0.03441491 -0.41014362  0.04333444 -0.33764967],-0.18398136902781426
[-0.00659946 -0.42454352  0.00956947 -0.26750062],0.10278465466901703
[-0.04905381 -0.39557266 -0.01718059 -0.17161846],0.255311086499139
[-0.08861107 -0.34655005 -0.03434244 -0.091128  ],0.3284316416305407
[-0.12326608 -0.2897137  -0.04345524 -0.03314153],0.35344337530348774
[-0.15223745 -0.23180049 -0.04676939  0.00521369],0.3494076155916863
[-0.1754175  -0.17656087 -0.04624802  0.02876501],0.3283978353245841
[-0.19307359 -0.12600684 -0.04337152  0.04187761],0.29819786340359067
"[-0.10722803067289138, -0.3190428417153033, -0.0010710885501399592, -0.036158483693174204]",-0.34156349838827127
[-0.13913231 -0.37561881 -0.00468694 -0.18025667],0.05809105212384167
[-0.1766942  -0.35947441 -0.0227126  -0.15137263],0.2587196142182372
[-0.21264164 -0.31196783 -0.03784987 -0.08822505],0.3516134153856755
[-0.24383842 -0.25248397 -0.04667237 -0.03221051],0.3831989188699971
[-0.26908682 -0.19069872 -0.04989342  0.00794596],0.3792803969354034
[-0.28815669 -0.13161134 -0.04909883  0.03346595],0.35519777826965354
[-0.30131782 -0.07776517 -0.04575223  0.04782721],0.32044736844051547
[-0.30909434 -0.03032209 -0.04096951  0.05437629],0.28100408776714814
[-0.31212655  0.01036517 -0.03553188  0.05574928],0.24061086324221823
"[-0.1932029527789937, 0.3917432094469254, -0.006057027090159248, 0.09028514101840945]",0.22059830979677444
[-0.15402863  0.42309921  0.00297149  0.15385779],-0.05217664533396522
[-0.11171871  0.40670737  0.01835727  0.12015297],-0.19399404972223142
[-0.07104797  0.36894408  0.03037256  0.07069972],-0.26313191283307064
[-0.03415357  0.3225105   0.03744253  0.02900072],-0.28987926290802296
[-0.00190252  0.27394915  0.04034261 -0.00069931],-0.291425519241761
[ 0.0254924   0.22676569  0.04027268 -0.01984972],-0.2781793120733228
[ 0.04816897  0.18283044  0.0382877  -0.03104961],-0.25669198183541625
[ 0.06645201  0.14307063  0.03518274 -0.03667185],-0.23115478142736454
[ 0.08075908  0.10784715  0.03151556 -0.0385577 ],-0.20424474707774587
"[0.1649557804192629, 0.0008305122207867277, 0.09825695887176696, -0.21818084547882283]",-0.8198373633125751
[ 0.16503883 -0.12196695  0.07643887 -0.28453185],-0.43028996200674624
[ 0.15284214 -0.17754176  0.04798569 -0.23624047],-0.1994494595206734
[ 0.13508796 -0.19774383  0.02436164 -0.16920307],-0.059569392790579434
[ 0.11531358 -0.19846274  0.00744134 -0.1113215 ],0.024742225500484397
[ 0.0954673  -0.18836352 -0.00369081 -0.06784006],0.07378479586491031
[ 0.07663095 -0.17250778 -0.01047482 -0.03723565],0.1000601221548777
[ 0.05938017 -0.15397713 -0.01419839 -0.0165618 ],0.11163021371028724
[ 0.04398246 -0.1346756  -0.01585457 -0.00308215],0.1138283684525542
[ 0.0305149  -0.11576843 -0.01616278  0.00535426],0.11022256694673906
"[-0.2714225606651286, -0.3182992546133575, -0.08731743650429827, -0.23432167669259274]",1.000000009842626
[-0.30325249 -0.15404616 -0.1107496  -0.03751229],1.00000000971263
[-0.3186571   0.00095412 -0.11450083  0.0787574 ],1.0000000093926598
[-0.31856169  0.15213068 -0.10662509  0.1762775 ],1.000000007940966
[-0.30334862  0.30266102 -0.08899734  0.29147719],0.7645862377323199
[-0.27308252  0.41236537 -0.05984962  0.3477755 ],0.28833056476505275
[-0.23184598  0.44128102 -0.02507207  0.27346486],0.01659104103510052
[-0.18771788  0.42956419  0.00227441  0.18274912],-0.1379385323909193
[-0.14476146  0.39727684  0.02054932  0.10758916],-0.2215007096681451
[-0.10503378  0.35527041  0.03130824  0.05289575],-0.2608565781313178
"[0.011479244660368704, -0.16013157161819125, -0.031673153720794656, -0.290187541683911]",1.0000000077595301
[-0.00453391  0.01611659 -0.06069191  0.07293522],0.7665746320948069
[-0.00292225  0.13896359 -0.05339839  0.23143724],0.33323239066036414
[ 0.01097411  0.18274271 -0.03025466  0.21009499],0.09206188258176172
[ 0.02924838  0.18806657 -0.00924516  0.14929144],-0.04358540363472049
[0.04805503 0.1742487  0.00568398 0.09209222],-0.11733823655064579
[0.0654799  0.15126461 0.0148932  0.04854573],-0.15335596373384705
[0.08060637 0.12461244 0.01974778 0.01838756],-0.16607331884643892
[ 0.09306761  0.09743094  0.02158653 -0.00120173],-0.16455984604378168
[ 0.1028107   0.0715108   0.02146636 -0.01313262],-0.15467092756498196
"[-0.19220019429641588, -0.1604913450480447, 0.042091063198581316, 0.01883017927569902]",-1.0000000063920054
[-0.20824933 -0.32811946  0.04397408 -0.29721911],-0.3439620680916957
[-0.24106128 -0.37292572  0.01425217 -0.30153486],0.06721981912828673
[-0.27835385 -0.3501083  -0.01590132 -0.20956749],0.2806824147334448
[-0.31336468 -0.29695869 -0.03685806 -0.11562282],0.3817214530447981
[-0.34306055 -0.23200924 -0.04842035 -0.04351144],0.4165277103065371
[-0.36626147 -0.1650047  -0.05277149  0.00541415],0.41213175343955544
[-0.38276194 -0.10118188 -0.05223008  0.0357249 ],0.38519247040845556
[-0.39288013 -0.04327348 -0.04865759  0.05257335],0.34625631485624864
[-0.39720748  0.00745733 -0.04340025  0.06022632],0.3020435619744678
"[-0.29733435347953646, -0.33492034855484165, -0.06443379217720621, -0.292230708280084]",1.0000000092350065
[-0.33082639 -0.16424795 -0.09365686 -0.02330928],1.0000000067703276
[-0.34725118 -0.00449311 -0.09598779  0.14672318],0.8929095105688366
[-0.34770049  0.13226207 -0.08131547  0.25353515],0.5135895877693243
[-0.33447429  0.20148986 -0.05596196  0.22743714],0.2836413265295453
[-0.3143253   0.23443011 -0.03321824  0.17271212],0.13848997370803526
[-0.29088229  0.24646172 -0.01594703  0.12142196],0.04531485718062231
[-0.26623612  0.24595172 -0.00380484  0.08108205],-0.01433474085675557
[-0.24164095  0.23785231  0.00430337  0.05151043],-0.05171839466782461
[-0.21785572  0.22527128  0.00945441  0.03059573],-0.07410857649838568
"[0.13480326174684587, 0.11763581830911474, -0.08466724635691378, 0.26047582175972034]",0.7929263256150149
[ 0.14656684  0.2370173  -0.05861966  0.35157829],0.26393855031025076
[ 0.17026857  0.26501857 -0.02346183  0.27799263],-0.026849484395899008
[0.19677043 0.24904265 0.00433743 0.18056982],-0.1836325183612297
[0.2216747  0.21228508 0.02239441 0.099284  ],-0.2610074386122949
[0.2429032  0.16695636 0.03232281 0.0408013 ],-0.2901967425102125
[0.25959884 0.11979988 0.03640294 0.00207034],-0.29023628666556783
[ 0.27157883  0.07458507  0.03660997 -0.02181032],-0.2731864905932169
[ 0.27903733  0.03334816  0.03442894 -0.0352373 ],-0.246820149153878
[ 0.28237215 -0.00292782  0.03090521 -0.04160276],-0.21615022056067096
"[-0.219858710788555, 0.21363615919882395, -0.06668677318415984, -0.1692470285947337]",1.0000000097321142
[-0.19849509  0.37372261 -0.08361148  0.06768983],1.0000000093042336
[-0.16112283  0.52637151 -0.07684249  0.24456816],1.000000004798436
[-0.10848568  0.67805155 -0.05238568  0.43560799],0.3364525846647901
[-0.04068053  0.7128754  -0.00882488  0.39435897],-0.15217490240222434
[0.03060701 0.66987678 0.03061102 0.2652267 ],-0.40925039848287736
[0.09759469 0.59146563 0.05713369 0.14415336],-0.5323744398753681
[0.15674125 0.49918712 0.07154903 0.05337852],-0.5754469685841979
[ 0.20665997  0.40461071  0.07688688 -0.00782851],-0.5705228457120819
[ 0.24712104  0.3140776   0.07610403 -0.04584933],-0.5376037042951807
"[0.24653681693527346, -0.3215967244741117, 0.07481865019023691, 0.1939804129134694]",-1.0000000099127297
[ 0.21437714 -0.47754464  0.09421669 -0.01268743],-1.0000000098375001
[ 0.16662268 -0.62546921  0.09294795 -0.15177266],-1.000000009646672
[ 0.10407576 -0.77104068  0.07777068 -0.28808352],-1.0000000087463812
[ 0.02697169 -0.91801964  0.04896233 -0.46509663],-0.545251689643759
[-0.06483027 -0.98735081  0.00245267 -0.51852382],0.21683015826129995
[-0.16356535 -0.9293057  -0.04939971 -0.36738046],0.6099178222675977
[-0.25649592 -0.81471382 -0.08613776 -0.2018666 ],0.794603464427162
[-0.33796731 -0.67845175 -0.10632442 -0.07216515],0.8569224649059588
[-0.40581248 -0.53873594 -0.11354093  0.01672055],0.8468322785349391
"[0.13473440779670132, 0.07351232851585232, 0.07266327839294505, -0.09427244700418336]",-0.7071156012110337
[ 0.14208564 -0.03695632  0.06323603 -0.19249338],-0.3997095976243381
[ 0.13839001 -0.09204793  0.0439867  -0.17533725],-0.21690140302755267
[ 0.12918522 -0.11804768  0.02645297 -0.13259313],-0.10395711799780968
[ 0.11738045 -0.12772774  0.01319366 -0.09199521],-0.033248194445661815
[ 0.10460767 -0.12792095  0.00399414 -0.06015776],0.010631138194015908
[ 0.09181558 -0.12259242 -0.00202164 -0.03704992],0.03699848450427218
[ 0.07955634 -0.1141753  -0.00572663 -0.02095632],0.05181392669635794
[ 0.06813881 -0.10420826 -0.00782226 -0.01006351],0.05902029098451346
[ 0.05771798 -0.09367267 -0.00882861 -0.00288279],0.06127239318405655
"[0.28159590867568823, 0.17534191286098455, -0.08439399693000077, 0.18422470145021835]",1.0000000077447027
[ 0.2991301   0.33139218 -0.06597153  0.36768929],0.537418849375629
[ 0.33226932  0.4054294  -0.0292026   0.39120914],-0.006054525996176978
[0.37281226 0.38914401 0.00991832 0.27895017],-0.2914395390845965
[0.41172666 0.33172905 0.03781333 0.15968299],-0.43043671989630583
[0.44489956 0.25754569 0.05378163 0.06682232],-0.4831489355668728
[0.47065413 0.17939771 0.06046386 0.00316637],-0.4845886255099605
[ 0.4885939   0.10419645  0.0607805  -0.03675179],-0.45628313168867124
[ 0.49901355  0.03559443  0.05710532 -0.05939328],-0.41185599972322434
[ 0.50257299 -0.02466455  0.051166   -0.07017674],-0.3600004414417401
"[-0.19521228015286074, -0.3821369493510399, -0.10482921274231154, 0.1591557800594865]",0.5971900944733943
[-0.23342598 -0.29463375 -0.08891363  0.12114718],0.5484063383437071
[-0.26288935 -0.21333775 -0.07679892  0.10660804],0.48671054053102425
[-0.28422313 -0.14149938 -0.06613811  0.09809913],0.42248262911023027
[-0.29837306 -0.07979547 -0.0563282   0.09036609],0.3604782973304009
[-0.30635261 -0.02786476 -0.04729159  0.08222763],0.3029067480809857
[-0.30913909  0.01506978 -0.03906883  0.07373225],0.2507247220631983
[-0.30763211  0.04993417 -0.0316956   0.06520161],0.20422610086889706
[-0.30263869  0.07768143 -0.02517544  0.05693757],0.16333716583002925
[-0.29487055  0.09923293 -0.01948168  0.04915408],0.12777853089930052
"[0.08230064460345049, -0.005516695334590593, -0.0764611781753343, 0.2572775091766008]",0.4853700980425714
[ 0.08174898  0.06238592 -0.05073343  0.23975652],0.21447392940826046
[ 0.08798757  0.08668081 -0.02675778  0.17622084],0.05739390132222965
[ 0.09665565  0.08838508 -0.00913569  0.11493203],-0.032736329505460134
[0.10549416 0.07838303 0.00235751 0.06754166],-0.08174612587723734
[0.11333246 0.06272518 0.00911168 0.03416464],-0.10503211028197657
[0.11960498 0.0449243  0.01252814 0.01197508],-0.11227142642740068
[ 0.12409741  0.0270445   0.01372565 -0.00204232],-0.10973002758225053
[ 0.12680186  0.01027224  0.01352142 -0.0103568 ],-0.10151494731364964
[ 0.12782908 -0.00475586  0.01248574 -0.0148104 ],-0.0903166211707595
"[-0.2596349800868615, 0.3133521836270686, 0.002702179989119133, -0.2026874829307351]",0.8224329868204421
[-0.22829976  0.45788978 -0.01756657  0.16535897],0.24424381119012514
[-0.18251078  0.48926417 -0.00103067  0.20078214],-0.06011369697042425
[-0.13358437  0.46915539  0.01904754  0.1479791 ],-0.22056729847474843
[-0.08666883  0.42560904  0.03384545  0.08575668],-0.2997283122066737
[-0.04410792  0.37241924  0.04242112  0.03567187],-0.33085415254664596
[-0.006866    0.31683109  0.04598831  0.00059803],-0.3331631029188383
[ 0.02481711  0.26278838  0.04604811 -0.02187299],-0.31844367821093295
[ 0.05109595  0.21242123  0.04386081 -0.03500714],-0.2941784754228838
[ 0.07233807  0.16679752  0.0403601  -0.04163905],-0.2651802056970996
"[-0.08525691697186336, -0.38716588675343405, 0.03037706823760801, 0.08493562513967251]",-1.000000008641086
[-0.12397351 -0.55379968  0.03887063 -0.25732656],-0.6244866511468229
[-0.17935347 -0.64686208  0.01313798 -0.3948139 ],0.04819059931029523
[-0.24403968 -0.62281636 -0.02634342 -0.3025074 ],0.39577157690846615
[-0.30632132 -0.54657142 -0.05659415 -0.17639553],0.5630151383982402
[-0.36097846 -0.44939529 -0.07423371 -0.07205174],0.6255228805226904
[-0.40591799 -0.3473389  -0.08143888  0.0012829 ],0.6263053278454727
[-0.44065188 -0.24892364 -0.08131059  0.04786249],0.5913918713859732
[-0.46554424 -0.15861251 -0.07652434  0.07449257],0.5371067143140462
[-0.48140549 -0.07853472 -0.06907509  0.08725995],0.47382350364483555
"[-0.23249550948880043, -0.0651040948262353, 0.0003878577049041543, -0.18259685803043313]",0.3300030706941632
[-0.23900592 -0.00382097 -0.01787183 -0.02840581],0.23355383870976987
[-0.23938802  0.03393152 -0.02071241  0.02221369],0.17515277956198744
[-0.23599486  0.05962032 -0.01849104  0.03570882],0.13402446899759718
[-0.23003283  0.07795822 -0.01492016  0.03626486],0.10219054839872244
[-0.22223701  0.09112946 -0.01129367  0.03264955],0.07637566438670393
[-0.21312406  0.10033721 -0.00802872  0.02800761],0.05505454649329094
[-0.20309034  0.10637391 -0.00522796  0.02343492],0.03737353079403442
[-0.19245295  0.10983498 -0.00288446  0.0192831 ],0.02275528039749763
[-0.18146945  0.11120187 -0.00095616  0.01563582],0.010752415061565827
"[0.16980972771145797, 0.18358262762894384, 0.06295489770730246, 0.19002361445993216]",-1.0000000084093776
[ 0.18816799  0.01526927  0.08195726 -0.07662344],-0.9532061275484298
[ 0.18969492 -0.13639433  0.07429492 -0.25508657],-0.489279332282734
[ 0.17605548 -0.20300391  0.04878626 -0.23964061],-0.2218074776637033
[ 0.15575509 -0.22659327  0.0248222  -0.1791123 ],-0.06273080009661988
[ 0.13309577 -0.22723876  0.00691097 -0.11991915],0.031945772471455976
[ 0.11037189 -0.21544797 -0.00508095 -0.07350745],0.08648478370218764
[ 0.08882709 -0.19716202 -0.01243169 -0.04023199],0.11540209379494973
[ 0.06911089 -0.17591656 -0.01645489 -0.01756383],0.12788425652114774
[ 0.05151924 -0.15386391 -0.01821127 -0.00273308],0.1299405523976906
"[9.333070396622123e-05, -0.3236815321213172, -0.05124754719177669, -0.25525836047763256]",1.0000000074588602
[-0.03227482 -0.149689   -0.07677338  0.05426905],0.8514632065916543
[-0.04724372 -0.01269017 -0.07134648  0.20876031],0.46886441825043257
[-0.04851274  0.05370943 -0.05047045  0.20001089],0.2466669197216168
[-0.0431418   0.08408521 -0.03046936  0.15232494],0.11270776093889344
[-0.03473328  0.09490067 -0.01523686  0.10472646],0.031125919747848518
[-0.02524321  0.09475936 -0.00476422  0.06704674],-0.017760898553788016
[-0.01576727  0.08853233  0.00194046  0.0398053 ],-0.04568800925806053
[-0.00691404  0.07913365  0.00592099  0.02105804],-0.060068483412742096
[0.00099933 0.06835564 0.00802679 0.00861314],-0.06574933711746905
"[0.07236217150785362, 0.443071594945864, -0.0726746860997045, 0.16995886776852492]",1.0000000085006033
[ 0.11666933  0.59738175 -0.0556788   0.37778491],0.5829500317519463
[ 0.17640751  0.67760677 -0.01790031  0.44199549],-0.07603722236839479
[0.24416818 0.64666601 0.02629924 0.32078112],-0.41927220041276975
[0.30883478 0.56570279 0.05837735 0.18276296],-0.5846659618364182
[0.36540506 0.464719   0.07665365 0.0732666 ],-0.6456917533713843
[ 0.41187696  0.35936387  0.08398031 -0.00238818],-0.6448310144693667
[ 0.44781335  0.2580411   0.08374149 -0.05001201],-0.6080831086493789
[ 0.47361746  0.16517935  0.07874029 -0.07706474],-0.5518663623073696
[ 0.4901354   0.08289106  0.07103382 -0.08993088],-0.4866543069443706
